Workbook

Sheet Результат запроса
A1: day | B1: DAU | C1: week | D1: month | E1: WAU | F1: MAU | G1: SFW | H1: SFM
A2: 44744 | B2: 3 | C2: =_xlfn.ISOWEEKNUM(A2) -> 26 | D2: =MONTH(A2) -> 7 | E2: =VLOOKUP(C2,wau!B:C,2,) -> 6 | F2: =VLOOKUP(D2,mau!B:C,2,) -> 193 | G2: =B2/E2 -> 0.5 | H2: =B2/F2 -> 0.015544041
A3: 44745 | B3: 6 | C3: =_xlfn.ISOWEEKNUM(A3) -> 26 | D3: =MONTH(A3) -> 7 | E3: =VLOOKUP(C3,wau!B:C,2,) -> 6 | F3: =VLOOKUP(D3,mau!B:C,2,) -> 193 | G3: =B3/E3 -> 1 | H3: =B3/F3 -> 0.031088083
A4: 44746 | B4: 5 | C4: =_xlfn.ISOWEEKNUM(A4) -> 27 | D4: =MONTH(A4) -> 7 | E4: =VLOOKUP(C4,wau!B:C,2,) -> 59 | F4: =VLOOKUP(D4,mau!B:C,2,) -> 193 | G4: =B4/E4 -> 0.084745763 | H4: =B4/F4 -> 0.025906736
A5: 44747 | B5: 10 | C5: =_xlfn.ISOWEEKNUM(A5) -> 27 | D5: =MONTH(A5) -> 7 | E5: =VLOOKUP(C5,wau!B:C,2,) -> 59 | F5: =VLOOKUP(D5,mau!B:C,2,) -> 193 | G5: =B5/E5 -> 0.16949153 | H5: =B5/F5 -> 0.051813472 | T5: Наблюдаем небольшой рост DAU и заметный прирост MAU и WAU в начале марта. Значит, маркетинговая акция сработала
A6: 44748 | B6: 5 | C6: =_xlfn.ISOWEEKNUM(A6) -> 27 | D6: =MONTH(A6) -> 7 | E6: =VLOOKUP(C6,wau!B:C,2,) -> 59 | F6: =VLOOKUP(D6,mau!B:C,2,) -> 193 | G6: =B6/E6 -> 0.084745763 | H6: =B6/F6 -> 0.025906736
A7: 44749 | B7: 13 | C7: =_xlfn.ISOWEEKNUM(A7) -> 27 | D7: =MONTH(A7) -> 7 | E7: =VLOOKUP(C7,wau!B:C,2,) -> 59 | F7: =VLOOKUP(D7,mau!B:C,2,) -> 193 | G7: =B7/E7 -> 0.22033898 | H7: =B7/F7 -> 0.067357513
A8: 44750 | B8: 22 | C8: =_xlfn.ISOWEEKNUM(A8) -> 27 | D8: =MONTH(A8) -> 7 | E8: =VLOOKUP(C8,wau!B:C,2,) -> 59 | F8: =VLOOKUP(D8,mau!B:C,2,) -> 193 | G8: =B8/E8 -> 0.37288136 | H8: =B8/F8 -> 0.11398964
A9: 44751 | B9: 22 | C9: =_xlfn.ISOWEEKNUM(A9) -> 27 | D9: =MONTH(A9) -> 7 | E9: =VLOOKUP(C9,wau!B:C,2,) -> 59 | F9: =VLOOKUP(D9,mau!B:C,2,) -> 193 | G9: =B9/E9 -> 0.37288136 | H9: =B9/F9 -> 0.11398964
A10: 44752 | B10: 26 | C10: =_xlfn.ISOWEEKNUM(A10) -> 27 | D10: =MONTH(A10) -> 7 | E10: =VLOOKUP(C10,wau!B:C,2,) -> 59 | F10: =VLOOKUP(D10,mau!B:C,2,) -> 193 | G10: =B10/E10 -> 0.44067797 | H10: =B10/F10 -> 0.13471503
A11: 44753 | B11: 23 | C11: =_xlfn.ISOWEEKNUM(A11) -> 28 | D11: =MONTH(A11) -> 7 | E11: =VLOOKUP(C11,wau!B:C,2,) -> 92 | F11: =VLOOKUP(D11,mau!B:C,2,) -> 193 | G11: =B11/E11 -> 0.25 | H11: =B11/F11 -> 0.11917098
A12: 44754 | B12: 24 | C12: =_xlfn.ISOWEEKNUM(A12) -> 28 | D12: =MONTH(A12) -> 7 | E12: =VLOOKUP(C12,wau!B:C,2,) -> 92 | F12: =VLOOKUP(D12,mau!B:C,2,) -> 193 | G12: =B12/E12 -> 0.26086957 | H12: =B12/F12 -> 0.12435233
A13: 44755 | B13: 30 | C13: =_xlfn.ISOWEEKNUM(A13) -> 28 | D13: =MONTH(A13) -> 7 | E13: =VLOOKUP(C13,wau!B:C,2,) -> 92 | F13: =VLOOKUP(D13,mau!B:C,2,) -> 193 | G13: =B13/E13 -> 0.32608696 | H13: =B13/F13 -> 0.15544041
A14: 44756 | B14: 32 | C14: =_xlfn.ISOWEEKNUM(A14) -> 28 | D14: =MONTH(A14) -> 7 | E14: =VLOOKUP(C14,wau!B:C,2,) -> 92 | F14: =VLOOKUP(D14,mau!B:C,2,) -> 193 | G14: =B14/E14 -> 0.34782609 | H14: =B14/F14 -> 0.16580311
A15: 44757 | B15: 25 | C15: =_xlfn.ISOWEEKNUM(A15) -> 28 | D15: =MONTH(A15) -> 7 | E15: =VLOOKUP(C15,wau!B:C,2,) -> 92 | F15: =VLOOKUP(D15,mau!B:C,2,) -> 193 | G15: =B15/E15 -> 0.27173913 | H15: =B15/F15 -> 0.12953368
A16: 44758 | B16: 34 | C16: =_xlfn.ISOWEEKNUM(A16) -> 28 | D16: =MONTH(A16) -> 7 | E16: =VLOOKUP(C16,wau!B:C,2,) -> 92 | F16: =VLOOKUP(D16,mau!B:C,2,) -> 193 | G16: =B16/E16 -> 0.36956522 | H16: =B16/F16 -> 0.1761658
A17: 44759 | B17: 39 | C17: =_xlfn.ISOWEEKNUM(A17) -> 28 | D17: =MONTH(A17) -> 7 | E17: =VLOOKUP(C17,wau!B:C,2,) -> 92 | F17: =VLOOKUP(D17,mau!B:C,2,) -> 193 | G17: =B17/E17 -> 0.42391304 | H17: =B17/F17 -> 0.20207254
... A29: 44771 | B29: 61 | C29: =_xlfn.ISOWEEKNUM(A29) -> 30 | D29: =MONTH(A29) -> 7 | E29: =VLOOKUP(C29,wau!B:C,2,) -> 183 | F29: =VLOOKUP(D29,mau!B:C,2,) -> 193 | G29: =B29/E29 -> 0.33333333 | H29: =B29/F29 -> 0.31606218
A30: 44772 | B30: 64 | C30: =_xlfn.ISOWEEKNUM(A30) -> 30 | D30: =MONTH(A30) -> 7 | E30: =VLOOKUP(C30,wau!B:C,2,) -> 183 | F30: =VLOOKUP(D30,mau!B:C,2,) -> 193 | G30: =B30/E30 -> 0.34972678 | H30: =B30/F30 -> 0.33160622 | U30: Sticky factor упал в первые недели марта. пусть уникальных пользователей и стало больше, пришли они только за "плюшками" от акции и не задержались в нашей игре
A31: 44773 | B31: 64 | C31: =_xlfn.ISOWEEKNUM(A31) -> 30 | D31: =MONTH(A31) -> 7 | E31: =VLOOKUP(C31,wau!B:C,2,) -> 183 | F31: =VLOOKUP(D31,mau!B:C,2,) -> 193 | G31: =B31/E31 -> 0.34972678 | H31: =B31/F31 -> 0.33160622
A32: 44774 | B32: 52 | C32: =_xlfn.ISOWEEKNUM(A32) -> 31 | D32: =MONTH(A32) -> 8 | E32: =VLOOKUP(C32,wau!B:C,2,) -> 202 | F32: =VLOOKUP(D32,mau!B:C,2,) -> 366 | G32: =B32/E32 -> 0.25742574 | H32: =B32/F32 -> 0.1420765
A33: 44775 | B33: 62 | C33: =_xlfn.ISOWEEKNUM(A33) -> 31 | D33: =MONTH(A33) -> 8 | E33: =VLOOKUP(C33,wau!B:C,2,) -> 202 | F33: =VLOOKUP(D33,mau!B:C,2,) -> 366 | G33: =B33/E33 -> 0.30693069 | H33: =B33/F33 -> 0.16939891
A34: 44776 | B34: 55 | C34: =_xlfn.ISOWEEKNUM(A34) -> 31 | D34: =MONTH(A34) -> 8 | E34: =VLOOKUP(C34,wau!B:C,2,) -> 202 | F34: =VLOOKUP(D34,mau!B:C,2,) -> 366 | G34: =B34/E34 -> 0.27227723 | H34: =B34/F34 -> 0.15027322
A35: 44777 | B35: 60 | C35: =_xlfn.ISOWEEKNUM(A35) -> 31 | D35: =MONTH(A35) -> 8 | E35: =VLOOKUP(C35,wau!B:C,2,) -> 202 | F35: =VLOOKUP(D35,mau!B:C,2,) -> 366 | G35: =B35/E35 -> 0.2970297 | H35: =B35/F35 -> 0.16393443
A36: 44778 | B36: 52 | C36: =_xlfn.ISOWEEKNUM(A36) -> 31 | D36: =MONTH(A36) -> 8 | E36: =VLOOKUP(C36,wau!B:C,2,) -> 202 | F36: =VLOOKUP(D36,mau!B:C,2,) -> 366 | G36: =B36/E36 -> 0.25742574 | H36: =B36/F36 -> 0.1420765
A37: 44779 | B37: 62 | C37: =_xlfn.ISOWEEKNUM(A37) -> 31 | D37: =MONTH(A37) -> 8 | E37: =VLOOKUP(C37,wau!B:C,2,) -> 202 | F37: =VLOOKUP(D37,mau!B:C,2,) -> 366 | G37: =B37/E37 -> 0.30693069 | H37: =B37/F37 -> 0.16939891
A38: 44780 | B38: 59 | C38: =_xlfn.ISOWEEKNUM(A38) -> 31 | D38: =MONTH(A38) -> 8 | E38: =VLOOKUP(C38,wau!B:C,2,) -> 202 | F38: =VLOOKUP(D38,mau!B:C,2,) -> 366 | G38: =B38/E38 -> 0.29207921 | H38: =B38/F38 -> 0.16120219
A39: 44781 | B39: 58 | C39: =_xlfn.ISOWEEKNUM(A39) -> 32 | D39: =MONTH(A39) -> 8 | E39: =VLOOKUP(C39,wau!B:C,2,) -> 193 | F39: =VLOOKUP(D39,mau!B:C,2,) -> 366 | G39: =B39/E39 -> 0.30051813 | H39: =B39/F39 -> 0.15846995
A40: 44782 | B40: 53 | C40: =_xlfn.ISOWEEKNUM(A40) -> 32 | D40: =MONTH(A40) -> 8 | E40: =VLOOKUP(C40,wau!B:C,2,) -> 193 | F40: =VLOOKUP(D40,mau!B:C,2,) -> 366 | G40: =B40/E40 -> 0.2746114 | H40: =B40/F40 -> 0.14480874
A41: 44783 | B41: 55 | C41: =_xlfn.ISOWEEKNUM(A41) -> 32 | D41: =MONTH(A41) -> 8 | E41: =VLOOKUP(C41,wau!B:C,2,) -> 193 | F41: =VLOOKUP(D41,mau!B:C,2,) -> 366 | G41: =B41/E41 -> 0.28497409 | H41: =B41/F41 -> 0.15027322
A42: 44784 | B42: 65 | C42: =_xlfn.ISOWEEKNUM(A42) -> 32 | D42: =MONTH(A42) -> 8 | E42: =VLOOKUP(C42,wau!B:C,2,) -> 193 | F42: =VLOOKUP(D42,mau!B:C,2,) -> 366 | G42: =B42/E42 -> 0.33678756 | H42: =B42/F42 -> 0.17759563
... A304: 45046 | B304: 71 | C304: =_xlfn.ISOWEEKNUM(A304) -> 17 | D304: =MONTH(A304) -> 4 | E304: =VLOOKUP(C304,wau!B:C,2,) -> 422 | F304: =VLOOKUP(D304,mau!B:C,2,) -> 1027 | G304: =B304/E304 -> 0.16824645 | H304: =B304/F304 -> 0.069133398

Sheet wau
A1: week | B1: номнедели | C1: WAU
A2: 44739 | B2: =_xlfn.ISOWEEKNUM(A2) -> 26 | C2: 6
A3: 44746 | B3: =_xlfn.ISOWEEKNUM(A3) -> 27 | C3: 59
A4: 44753 | B4: =_xlfn.ISOWEEKNUM(A4) -> 28 | C4: 92
A5: 44760 | B5: =_xlfn.ISOWEEKNUM(A5) -> 29 | C5: 133
A6: 44767 | B6: =_xlfn.ISOWEEKNUM(A6) -> 30 | C6: 183
A7: 44774 | B7: =_xlfn.ISOWEEKNUM(A7) -> 31 | C7: 202
A8: 44781 | B8: =_xlfn.ISOWEEKNUM(A8) -> 32 | C8: 193
A9: 44788 | B9: =_xlfn.ISOWEEKNUM(A9) -> 33 | C9: 201
A10: 44795 | B10: =_xlfn.ISOWEEKNUM(A10) -> 34 | C10: 206
A11: 44802 | B11: =_xlfn.ISOWEEKNUM(A11) -> 35 | C11: 192
A12: 44809 | B12: =_xlfn.ISOWEEKNUM(A12) -> 36 | C12: 196
A13: 44816 | B13: =_xlfn.ISOWEEKNUM(A13) -> 37 | C13: 205
... A45: 45040 | B45: =_xlfn.ISOWEEKNUM(A45) -> 17 | C45: 422

Sheet mau
A1: month | B1: месяц | C1: mau
A2: 44743 | B2: =MONTH(A2) -> 7 | C2: 193
A3: 44774 | B3: =MONTH(A3) -> 8 | C3: 366
A4: 44805 | B4: =MONTH(A4) -> 9 | C4: 378
A5: 44835 | B5: =MONTH(A5) -> 10 | C5: 393
A6: 44866 | B6: =MONTH(A6) -> 11 | C6: 426
A7: 44896 | B7: =MONTH(A7) -> 12 | C7: 390
A8: 44927 | B8: =MONTH(A8) -> 1 | C8: 536
A9: 44958 | B9: =MONTH(A9) -> 2 | C9: 696
A10: 44986 | B10: =MONTH(A10) -> 3 | C10: 1544
A11: 45017 | B11: =MONTH(A11) -> 4 | C11: 1027
